# Using SQM Scalar and Table Expressions

## Introduction

This lab shows how to use SQL Macro as scalar and table expressions.

Estimated Lab Time: 15 minutes

### Objectives

In this lab, you will:
* Setup the environment

### Prerequisites

* An Oracle Free Tier, Paid or LiveLabs Cloud Account
* Lab: SSH Keys
* Lab: Create a DBCS VM Database
* Lab: 21c Setup


## **STEP 1:** Use SQL Macro as a scalar expression

1. Ensure that `PDB1` is opened. If it is not opened, open it first.


    ```

    $ <copy>sqlplus / AS SYSDBA</copy>

    Connected.

    SQL> <copy>ALTER PLUGGABLE DATABASE pdb1 OPEN;</copy>

    Pluggable Database opened.

    SQL>

    ```

2. In case the wallet was closed, open the wallet in the CDB root and all PDBs because in this practice you are going to insert data.

    ```

    SQL> <copy>ADMINISTER KEY MANAGEMENT SET KEYSTORE OPEN IDENTIFIED BY "WElcome123##" CONTAINER=ALL;</copy>

    keystore altered.

    SQL>

    ```

3. Create the `HR` schema and its tables in `PDB1`.


    ```

    SQL> <copy>CONNECT sys@pdb1 AS SYSDBA</copy>

    Enter password: <b><i>WElcome123##</i></b>

    Connected.
    ```
    ```
    SQL> <copy>@$HOME/labs/M104780GC10/hr_main.sql "WElcome123##" users temp /home/oracle/labs /home/oracle/labs</copy>

    specify password for HR as parameter 1:

    specify default tablespeace for HR as parameter 2:

    specify temporary tablespace for HR as parameter 3:

    specify log path as parameter 4:

    PL/SQL procedure successfully completed.

    User created.

    User altered.

    User altered.

    Grant succeeded.

    Grant succeeded.

    ...

    Commit complete.

    PL/SQL procedure successfully completed.

    $

    ```

4. Connect as `HR` in `PDB1` and create the SQM as an scalar expression.


    ```

    $ <copy>sqlplus hr@PDB1</copy>

    Enter password: <i><b>password</b></i>

    Connected to:
    ```
    ```
    SQL> <copy>CREATE OR REPLACE FUNCTION concat_self(str varchar2, cnt pls_integer)
                RETURN VARCHAR2 SQL_MACRO(SCALAR)
          IS BEGIN
                RETURN 'rpad(str, cnt * length(str), str)';
    END;
    /</copy>

    Function created.

    SQL>

    ```

5. Use the SQM to query the table and display the employees names doubled.

    ```

    SQL> <copy>COL CONCAT_SELF(LAST_NAME,2) FORMAT A40</copy>

    SQL> <copy>SELECT last_name, concat_self(last_name,2) FROM hr.employees;</copy>

    LAST_NAME                 CONCAT_SELF(LAST_NAME,2)

    ------------------------- ----------------------------------------

    Abel                      AbelAbel

    Ande                      AndeAnde

    Atkinson                  AtkinsonAtkinson

    Austin                    AustinAustin

    Baer                      BaerBaer

    Baida                     BaidaBaida

    Banda                     BandaBanda

    Bates                     BatesBates

    Bell                      BellBell

    Bernstein                 BernsteinBernstein

    Bissot                    BissotBissot

    ...

    107 rows selected.

    SQL>

    ```

6. Use the SQM to query the table and display the employees names tripled.

    ```

    SQL> <copy>COL CONCAT_SELF(LAST_NAME,3) FORMAT A40</copy>

    SQL> <copy>SELECT last_name, concat_self(last_name,3) FROM hr.employees;</copy>

    LAST_NAME                 CONCAT_SELF(LAST_NAME,3)

    ------------------------- ----------------------------------------

    Abel                      AbelAbelAbel

    Ande                      AndeAndeAnde

    Atkinson                  AtkinsonAtkinsonAtkinson

    Austin                    AustinAustinAustin

    Baer                      BaerBaerBaer

    Baida                     BaidaBaidaBaida

    Banda                     BandaBandaBanda

    Bates                     BatesBatesBates

    Bell                      BellBellBell

    Bernstein                 BernsteinBernsteinBernstein

    Bissot                    BissotBissotBissot

    Bloom                     BloomBloomBloom

    Bull                      BullBullBull

    Cabrio                    CabrioCabrioCabrio

    ...

    107 rows selected.

    SQL>

    ```

## **STEP 2:** Use SQL Macro as a table expression

1. The first usage of an SQL macro as a table expression shows how to use the SQM to implement a polymorphic view.


2. Use a simple view to display the sum of the salaries per department.

    ```

    SQL> <copy>CREATE VIEW v_budget
     AS SELECT department_id, sum(salary) v_budget
        FROM hr.employees
        GROUP BY department_id;</copy>

    View created.

    SQL>

    ```

3. Query the result from the view.

    ```

    SQL> <copy>SELECT * FROM v_budget WHERE department_id IN (10,50);</copy>

    DEPARTMENT_ID   V_BUDGET
    ------------- ----------
               50     156400
               10       4400

    SQL>

    ```

4. Now use an SQM as a table expression. Create the SQM.

    ```

    SQL> <copy>CREATE OR REPLACE FUNCTION budget
    return varchar2 SQL_MACRO
    IS
    BEGIN
      RETURN q'( select department_id, sum(salary) budget
                 from hr.employees
                 group by department_id )';
    END;
    /</copy>

    Function created.

    SQL>

    ```

5. Use the SQM to display the result for the departments 10 and 50.

    ```

    SQL> <copy>SELECT * FROM budget() WHERE department_id IN (10,50);</copy>

    DEPARTMENT_ID     BUDGET
    ------------- ----------
               50     156400
               10       4400

    SQL>

    ```

6. The second usage of an SQL macro as a table expression shows how to use the SQM to display sum of the salaries per department for a particular job.


7. Create the SQM.

    ```

    SQL> <copy>CREATE OR REPLACE FUNCTION budget_per_job(job_id varchar2)
    return varchar2 SQL_MACRO
    IS
    BEGIN
      RETURN q'( select department_id, sum(salary) budget
                 from hr.employees
                 where job_id = budget_per_job.job_id
                 group by department_id )';
    END;
    /</copy>

    Function created.

    SQL>

    ```

8. Use the SQM to display the result for the `ST_CLERK` job in department 10.

    ```

    SQL> <copy>SELECT * FROM budget_per_job('ST_CLERK') WHERE department_id = 10;</copy>

    no rows selected

    SQL>

    ```

9. Use the SQM to display the result for the `SH_CLERK` job in department 50.

    ```

    SQL> <copy>SELECT * FROM budget_per_job('SH_CLERK') WHERE department_id = 50;</copy>

    DEPARTMENT_ID BUDGET_PER_JOB
    ------------- --------------
               50          64300

    SQL>

    ```

10. Use the `DBMS_OUTPUT` package to display the rewritten SQL query. Recreate the function including the `DBMS_OUTPUT` package.

    ```

    SQL> <copy>CREATE OR REPLACE function budget_per_job(job_id varchar2)
    return varchar2 SQL_MACRO
    is
      stmt varchar(2000) := q'(
       select department_id, sum(salary) budget
       from hr.employees
       where job_id = budget_per_job.job_id
       group by department_id )';
    begin
      dbms_output.put_line('----------------------------------------------');
      dbms_output.put_line('SQM Text: ' );
      dbms_output.put_line('----------------------------------------------');
      dbms_output.put_line('  ' ||stmt);
      dbms_output.put_line('----------------------------------------------');
      return stmt;
    end;
    /</copy>

    Function created.

    SQL>

    ```

11. Re-execute the query using the SQM.

    ```

    SQL> <copy>SET serveroutput on</copy>
    SQL> <copy>SET LONG 20000</copy>
    SQL> <copy>SELECT * FROM budget_per_job('ST_CLERK') WHERE department_id = 50;</copy>

    DEPARTMENT_ID     BUDGET
    ------------- ----------
               50      55700

    ----------------------------------------------
    SQM Text:
    ----------------------------------------------

       select department_id, sum(salary) budget
       from hr.employees
       where
       job_id = budget_per_job.job_id
       group by department_id
    ----------------------------------------------

    SQL>

    ```

12. Use the `USER_PROCEDURES` view to display the new values of the `SQL_MACRO` column.

    ```

    SQL> <copy>COL object_name FORMAT A30</copy>
    SQL> <copy>SELECT object_name, sql_macro, object_type FROM user_procedures;</copy>

    OBJECT_NAME                    SQL_MA OBJECT_TYPE
    ------------------------------ ------ -------------
    CONCAT_SELF                    SCALAR FUNCTION
    SECURE_DML                     NULL   PROCEDURE
    ADD_JOB_HISTORY                NULL   PROCEDURE
    BUDGET                         TABLE  FUNCTION
    BUDGET_PER_JOB                 TABLE  FUNCTION
    SECURE_EMPLOYEES                      TRIGGER
    UPDATE_JOB_HISTORY                    TRIGGER

    7 rows selected.

    SQL> <copy>EXIT</copy>
    $

    ```

You may now [proceed to the next lab](#next).

## Acknowledgements

* **Author** - Dominique Jeunot, Database UA Team
* **Contributors** -  Kay Malcolm, Database Product Management
* **Last Updated By/Date** -  Kay Malcolm, November 2020

## Need Help?
Please submit feedback or ask for help using our [LiveLabs Support Forum](https://community.oracle.com/tech/developers/categories/database-19c). Please click the **Log In** button and login using your Oracle Account. Click the **Ask A Question** button to the left to start a *New Discussion* or *Ask a Question*.  Please include your workshop name and lab name.  You can also include screenshots and attach files.  Engage directly with the author of the workshop.

If you do not have an Oracle Account, click [here](https://profile.oracle.com/myprofile/account/create-account.jspx) to create one.
